{
  "n20_k5": {
    "sgd": {
      "label": "SGD (hinge)",
      "solve_rate": 1.0,
      "avg_epochs": 69.6,
      "avg_time": 0.30044,
      "accs": [
        0.95,
        0.955,
        0.96,
        0.96,
        0.96
      ],
      "epochs": [
        69,
        68,
        78,
        61,
        72
      ],
      "times": [
        0.2956,
        0.2859,
        0.3578,
        0.262,
        0.3009
      ]
    },
    "noprop": {
      "label": "NoProp (T=5, noise=[0.9, 0.7, 0.5, 0.3, 0.1])",
      "solve_rate": 1.0,
      "avg_epochs": 90.2,
      "avg_time": 1.9953800000000002,
      "accs": [
        0.955,
        0.95,
        0.96,
        0.96,
        0.96
      ],
      "epochs": [
        108,
        77,
        107,
        78,
        81
      ],
      "times": [
        2.373,
        1.6954,
        2.3571,
        1.7527,
        1.7987
      ]
    },
    "sgd_curriculum": {
      "label": "SGD + Curriculum [10->20]",
      "solve_rate": 1.0,
      "avg_epochs": 24.8,
      "avg_time": 0.10174000000000001,
      "accs": [
        0.96,
        0.96,
        0.965,
        0.965,
        0.96
      ],
      "epochs": [
        20,
        29,
        29,
        29,
        17
      ],
      "times": [
        0.0848,
        0.1227,
        0.1135,
        0.1159,
        0.0718
      ]
    },
    "noprop_curriculum": {
      "label": "NoProp + Curriculum [10->20]",
      "solve_rate": 1.0,
      "avg_epochs": 33.0,
      "avg_time": 0.66076,
      "accs": [
        0.975,
        0.965,
        0.96,
        0.95,
        0.95
      ],
      "epochs": [
        43,
        31,
        36,
        32,
        23
      ],
      "times": [
        0.8607,
        0.6227,
        0.7201,
        0.636,
        0.4643
      ]
    },
    "ff": {
      "label": "FF (lr=0.01, threshold=2.0)",
      "solve_rate": 0.4,
      "avg_epochs": 464.4,
      "avg_time": 11.70412,
      "accs": [
        0.95,
        0.685,
        0.79,
        0.955,
        0.715
      ],
      "epochs": [
        355,
        500,
        500,
        467,
        500
      ],
      "times": [
        8.9823,
        12.5583,
        12.6861,
        11.7227,
        12.5712
      ]
    },
    "ff_curriculum": {
      "label": "FF + Curriculum [10->20]",
      "solve_rate": 0.8,
      "avg_epochs": 427.6,
      "avg_time": 10.46038,
      "accs": [
        0.92,
        0.95,
        0.96,
        0.95,
        0.97
      ],
      "epochs": [
        714,
        212,
        504,
        525,
        183
      ],
      "times": [
        17.7417,
        5.1777,
        12.2027,
        12.7629,
        4.4169
      ]
    }
  },
  "n50_k3": {
    "sgd": {
      "label": "SGD (hinge)",
      "solve_rate": 1.0,
      "avg_epochs": 58.2,
      "avg_time": 0.29375999999999997,
      "accs": [
        0.955,
        0.96,
        0.955,
        0.97,
        0.965
      ],
      "epochs": [
        43,
        66,
        68,
        47,
        67
      ],
      "times": [
        0.2188,
        0.329,
        0.3422,
        0.2425,
        0.3363
      ]
    },
    "noprop": {
      "label": "NoProp (T=5, noise=[0.9, 0.7, 0.5, 0.3, 0.1])",
      "solve_rate": 1.0,
      "avg_epochs": 42.0,
      "avg_time": 1.11888,
      "accs": [
        0.95,
        0.95,
        0.97,
        0.98,
        0.955
      ],
      "epochs": [
        41,
        45,
        37,
        45,
        42
      ],
      "times": [
        1.0723,
        1.2166,
        0.975,
        1.2203,
        1.1102
      ]
    },
    "sgd_curriculum": {
      "label": "SGD + Curriculum [10->30->50]",
      "solve_rate": 1.0,
      "avg_epochs": 10.2,
      "avg_time": 0.04426,
      "accs": [
        1.0,
        1.0,
        1.0,
        1.0,
        1.0
      ],
      "epochs": [
        12,
        9,
        10,
        9,
        11
      ],
      "times": [
        0.0531,
        0.0398,
        0.0439,
        0.0381,
        0.0464
      ]
    },
    "noprop_curriculum": {
      "label": "NoProp + Curriculum [10->30->50]",
      "solve_rate": 1.0,
      "avg_epochs": 7.8,
      "avg_time": 0.1694,
      "accs": [
        0.98,
        0.98,
        1.0,
        1.0,
        0.995
      ],
      "epochs": [
        8,
        8,
        8,
        6,
        9
      ],
      "times": [
        0.1763,
        0.175,
        0.1708,
        0.1309,
        0.194
      ]
    },
    "ff": {
      "label": "FF (lr=0.01, threshold=2.0)",
      "solve_rate": 1.0,
      "avg_epochs": 73.2,
      "avg_time": 1.93716,
      "accs": [
        0.95,
        0.95,
        0.95,
        0.95,
        0.955
      ],
      "epochs": [
        82,
        61,
        72,
        74,
        77
      ],
      "times": [
        2.1641,
        1.6168,
        1.9091,
        1.9583,
        2.0375
      ]
    },
    "ff_curriculum": {
      "label": "FF + Curriculum [10->30->50]",
      "solve_rate": 1.0,
      "avg_epochs": 13.6,
      "avg_time": 0.33912,
      "accs": [
        0.99,
        0.995,
        0.995,
        0.995,
        1.0
      ],
      "epochs": [
        15,
        12,
        14,
        13,
        14
      ],
      "times": [
        0.3893,
        0.2995,
        0.3451,
        0.3199,
        0.3418
      ]
    }
  },
  "n50_k5": {
    "sgd": {
      "label": "SGD (hinge)",
      "solve_rate": 0.0,
      "avg_epochs": 1000.0,
      "avg_time": 5.02932,
      "accs": [
        0.625,
        0.575,
        0.595,
        0.58,
        0.585
      ],
      "epochs": [
        1000,
        1000,
        1000,
        1000,
        1000
      ],
      "times": [
        4.895,
        4.945,
        4.9568,
        5.3368,
        5.013
      ]
    },
    "noprop": {
      "label": "NoProp (T=5, noise=[0.9, 0.7, 0.5, 0.3, 0.1])",
      "solve_rate": 0.0,
      "avg_epochs": 1000.0,
      "avg_time": 26.234379999999998,
      "accs": [
        0.6,
        0.0,
        0.555,
        0.575,
        0.555
      ],
      "epochs": [
        1000,
        1000,
        1000,
        1000,
        1000
      ],
      "times": [
        26.2468,
        26.2465,
        26.1425,
        26.1829,
        26.3532
      ]
    },
    "sgd_curriculum": {
      "label": "SGD + Curriculum [10->30->50]",
      "solve_rate": 1.0,
      "avg_epochs": 33.8,
      "avg_time": 0.14376,
      "accs": [
        0.955,
        0.955,
        0.95,
        0.95,
        0.98
      ],
      "epochs": [
        33,
        36,
        27,
        31,
        42
      ],
      "times": [
        0.1466,
        0.1424,
        0.117,
        0.134,
        0.1788
      ]
    },
    "noprop_curriculum": {
      "label": "NoProp + Curriculum [10->30->50]",
      "solve_rate": 1.0,
      "avg_epochs": 42.2,
      "avg_time": 0.8759,
      "accs": [
        0.955,
        0.96,
        0.955,
        0.95,
        0.99
      ],
      "epochs": [
        51,
        41,
        44,
        36,
        39
      ],
      "times": [
        1.0282,
        0.8297,
        0.9754,
        0.7531,
        0.7931
      ]
    },
    "ff": {
      "label": "FF (lr=0.01, threshold=2.0)",
      "solve_rate": 0.0,
      "avg_epochs": 1000.0,
      "avg_time": 27.1384,
      "accs": [
        0.61,
        0.505,
        0.54,
        0.535,
        0.595
      ],
      "epochs": [
        1000,
        1000,
        1000,
        1000,
        1000
      ],
      "times": [
        26.6267,
        27.0215,
        27.4209,
        27.2911,
        27.3318
      ]
    },
    "ff_curriculum": {
      "label": "FF + Curriculum [10->30->50]",
      "solve_rate": 0.8,
      "avg_epochs": 309.8,
      "avg_time": 7.93858,
      "accs": [
        0.955,
        0.95,
        0.97,
        0.955,
        0.92
      ],
      "epochs": [
        151,
        447,
        190,
        124,
        637
      ],