{
  "n20_k5": {
    "sgd": {
      "label": "SGD direct",
      "solve_rate": 1.0,
      "avg_epochs": 69.6,
      "avg_time": 0.2844,
      "accs": [
        0.95,
        0.955,
        0.96,
        0.96,
        0.96
      ],
      "epochs": [
        69,
        68,
        78,
        61,
        72
      ],
      "times": [
        0.2804,
        0.2693,
        0.3306,
        0.2504,
        0.2913
      ]
    },
    "grokfast": {
      "label": "GrokFast direct",
      "solve_rate": 1.0,
      "avg_epochs": 25.2,
      "avg_time": 0.13426,
      "accs": [
        0.955,
        0.955,
        0.96,
        0.985,
        0.955
      ],
      "epochs": [
        25,
        24,
        27,
        26,
        24
      ],
      "times": [
        0.1242,
        0.1569,
        0.1413,
        0.127,
        0.1219
      ]
    },
    "curriculum": {
      "label": "Curriculum [10->20]",
      "solve_rate": 1.0,
      "avg_epochs": 24.8,
      "avg_time": 0.09428,
      "accs": [
        0.96,
        0.96,
        0.965,
        0.965,
        0.96
      ],
      "epochs": [
        20,
        29,
        29,
        29,
        17
      ],
      "times": [
        0.0816,
        0.1121,
        0.1035,
        0.1076,
        0.0666
      ]
    },
    "grokfast_curriculum": {
      "label": "GrokFast + Curriculum [10->20]",
      "solve_rate": 1.0,
      "avg_epochs": 11.8,
      "avg_time": 0.056979999999999996,
      "accs": [
        0.975,
        0.955,
        0.995,
        0.955,
        0.965
      ],
      "epochs": [
        12,
        13,
        12,
        12,
        10
      ],
      "times": [
        0.0554,
        0.0608,
        0.056,
        0.0562,
        0.0565
      ]
    }
  },
  "n50_k3": {
    "sgd": {
      "label": "SGD direct",
      "solve_rate": 1.0,
      "avg_epochs": 58.2,
      "avg_time": 0.29786,
      "accs": [
        0.955,
        0.96,
        0.955,
        0.97,
        0.965
      ],
      "epochs": [
        43,
        66,
        68,
        47,
        67
      ],
      "times": [
        0.2007,
        0.3015,
        0.3973,
        0.2786,
        0.3112
      ]
    },
    "grokfast": {
      "label": "GrokFast direct",
      "solve_rate": 0.8,
      "avg_epochs": 147.6,
      "avg_time": 0.43438,
      "accs": [
        0.95,
        0.955,
        0.96,
        0.885,
        0.975
      ],
      "epochs": [
        49,
        59,
        63,
        500,
        67
      ],
      "times": [
        0.2429,
        0.2986,
        0.3338,
        0.9271,
        0.3695
      ]
    },
    "curriculum": {
      "label": "Curriculum [10->30->50]",
      "solve_rate": 1.0,
      "avg_epochs": 10.2,
      "avg_time": 0.05494,
      "accs": [
        1.0,
        1.0,
        1.0,
        1.0,
        1.0
      ],
      "epochs": [
        12,
        9,
        10,
        9,
        11
      ],
      "times": [
        0.0781,
        0.0441,
        0.0503,
        0.0441,
        0.0581
      ]
    },
    "grokfast_curriculum": {
      "label": "GrokFast + Curriculum [10->30->50]",
      "solve_rate": 1.0,
      "avg_epochs": 6.6,
      "avg_time": 0.035359999999999996,
      "accs": [
        1.0,
        1.0,
        1.0,
        1.0,
        0.995
      ],
      "epochs": [
        7,
        6,
        7,
        6,
        7
      ],
      "times": [
        0.0375,
        0.0377,
        0.0365,
        0.0292,
        0.0359
      ]
    }
  },
  "n50_k5": {
    "sgd": {
      "label": "SGD direct",
      "solve_rate": 0.0,
      "avg_epochs": 1000.0,
      "avg_time": 5.42634,
      "accs": [
        0.625,
        0.575,
        0.595,
        0.58,
        0.585
      ],
      "epochs": [
        1000,
        1000,
        1000,
        1000,
        1000
      ],
      "times": [
        5.9367,
        4.92,
        5.483,
        5.4755,
        5.3165
      ]
    },
    "grokfast": {
      "label": "GrokFast direct",
      "solve_rate": 0.0,
      "avg_epochs": 1000.0,
      "avg_time": 6.12126,
      "accs": [
        0.65,
        0.53,
        0.575,
        0.595,
        0.575
      ],
      "epochs": [
        1000,
        1000,
        1000,
        1000,
        1000
      ],
      "times": [
        6.1438,
        6.3171,
        6.0721,
        6.1645,
        5.9088
      ]
    },
    "curriculum": {
      "label": "Curriculum [10->30->50]",
      "solve_rate": 1.0,
      "avg_epochs": 33.8,
      "avg_time": 0.15282,
      "accs": [
        0.955,
        0.955,
        0.95,
        0.95,
        0.98
      ],
      "epochs": [
        33,
        36,
        27,
        31,
        42
      ],
      "times": [
        0.1577,
        0.1594,
        0.123,
        0.1475,
        0.1765
      ]
    },
    "grokfast_curriculum": {
      "label": "GrokFast + Curriculum [10->30->50]",
      "solve_rate": 1.0,
      "avg_epochs": 14.4,
      "avg_time": 0.077,
      "accs": [
        0.965,
        0.98,
        0.955,
        0.985,
        0.97
      ],
      "epochs": [
        15,
        14,
        13,
        16,
        14
      ],
      "times": [
        0.0785,
        0.0748,
        0.0699,
        0.0842,
        0.0776
      ]
    }
  }
}