{
  "experiment": "exp1_fix_hyperparams",
  "hypothesis": "Matching Barak et al. hyperparams triggers phase transition",
  "config": {
    "n_bits": 20,
    "k_sparse": 3,
    "n_train": 500,
    "n_test": 200,
    "hidden": 1000,
    "lr": 0.1,
    "wd": 0.01,
    "batch_size": 32,
    "max_epochs": 200,
    "seed": 42
  },
  "secret_indices": [
    0,
    3,
    8
  ],
  "best_test_acc": 0.99,
  "final_train_acc": 0.998,
  "final_test_acc": 0.99,
  "final_train_loss": 0.0039979983518975025,
  "final_test_loss": 0.02990988208566904,
  "total_steps": 832,
  "elapsed_s": 110.65603709220886,
  "train_accs": [
    0.566,
    0.534,
    0.586,
    0.626,
    0.59,
    0.574,
    0.67,
    0.694,
    0.592,
    0.76,
    0.716,
    0.726,
    0.782,
    0.832,
    0.632,
    0.798,
    0.806,
    0.82,
    0.746,
    0.802,
    0.854,
    0.804,
    0.82,
    0.852,
    0.798,
    0.734,
    0.854,
    0.87,
    0.798,
    0.916,
    0.942,
    0.93,
    0.908,
    0.872,
    0.946,
    0.9,
    0.954,
    0.902,
    0.97,
    0.892,
    0.94,
    0.988,
    0.992,
    0.976,
    0.96,
    0.938,
    0.998,
    0.988,
    0.982,
    0.996,
    0.99,
    0.998
  ],
  "test_accs": [
    0.51,
    0.515,
    0.495,
    0.475,
    0.51,
    0.525,
    0.465,
    0.475,
    0.49,
    0.495,
    0.515,
    0.475,
    0.49,
    0.51,
    0.5,
    0.515,
    0.51,
    0.475,
    0.49,
    0.495,
    0.525,
    0.52,
    0.51,
    0.52,
    0.56,
    0.57,
    0.56,
    0.545,
    0.525,
    0.59,
    0.62,
    0.61,
    0.655,
    0.595,
    0.7,
    0.71,
    0.745,
    0.755,
    0.795,
    0.75,
    0.825,
    0.89,
    0.905,
    0.9,
    0.89,
    0.88,
    0.97,
    0.94,
    0.96,
    0.98,
    0.955,
    0.99
  ],
  "train_losses": [
    3.800773285475313,
    9.628814726086791,
    3.8148430523217116,
    2.844167801016779,
    4.4589939512161,
    3.99058269660769,
    2.3719327359002738,
    1.6889707924783928,
    3.2935825585856704,
    1.2017820669142354,
    1.9659875279991632,
    1.4951782550819328,
    1.051967766359385,
    0.6135539872256163,
    2.8482721033657805,
    0.8802987742413233,
    0.8832582522205081,
    0.7471428356334969,
    1.4696351649715103,
    1.006328375306469,
    0.5411811252233523,
    0.8290416335310115,
    0.6859074559443457,
    0.5886698295389896,
    0.9314469698941114,
    2.061228169277528,
    0.6392397579228242,
    0.5079979476277989,
    0.9528313043319273,
    0.280554729387352,
    0.1592554585488586,
    0.24284660216401466,
    0.3549299280973134,
    0.8642637285226356,
    0.14986859400157504,
    0.45607120328665635,
    0.13213233768417806,
    0.4264231051103185,
    0.1281172638741583,
    0.5876886492968579,
    0.20766931223049787,
    0.028170257685053317,
    0.030726629404558038,
    0.07316928846475125,
    0.1265245940226137,
    0.27235064253625174,
    0.004589569423577981,
    0.029276802662042856,
    0.10586502589574931,
    0.02235175910030304,
    0.02676614704555848,
    0.0039979983518975025
  ],
  "test_losses": [
    4.7307060609394656,
    11.172143419454901,
    5.004681267709068,
    4.374673610180099,
    6.63559291181088,
    5.683165717035819,
    4.352852528197371,
    3.7322697880268634,
    5.469229572412513,
    3.673334394767244,
    4.455453134177409,
    4.382033047300739,
    3.751247470517496,
    3.318093151137981,
    5.322449398627377,
    3.8295336878564252,
    3.7139929232133904,
    3.409986791222553,
    4.527060919821968,
    4.314248868145192,
    3.5554518573382707,
    3.6925876636413624,
    3.9263774199664856,
    3.318783663878297,
    3.77859064035189,
    3.852540216933479,
    3.3969542640585617,
    3.2910035063393392,
    3.8796735521936045,
    2.7440596415164076,
    2.5570591083478,
    2.297891860112872,
    2.1962146204511255,
    2.4381991794808036,
    1.4928702118127302,
    1.688509216925672,
    1.4526552034317617,
    1.6391413134765227,
    0.977959296564509,
    1.7570694758392702,
    1.0654012624258191,
    0.5548377724696858,
    0.3512723730446325,
    0.3266151897604564,
    0.5070911579349565,
    0.7398493119099142,
    0.1358267086546904,
    0.2887290338364136,
    0.18589102649559108,
    0.08447627413545755,
    0.21291853298623525,
    0.02990988208566904
  ],
  "weight_movements": [
    241.41492251419692,
    384.6744278152269,
    527.7002488395334,
    692.3870153954327,
    835.2870722184956,
    980.6340688348549,
    1112.2299675425877,
    1235.3766548787476,
    1367.6956357753618,
    1486.5546214123362,
    1599.2221747616359,
    1700.2109226397722,
    1808.1119204339607,
    1909.0794395852242,
    2015.4954743134863,
    2093.5434555746706,
    2181.4963852777837,
    2261.5334451452077,
    2338.251969943755,
    2429.1649036677886,
    2497.850391907001,
    2568.701360322438,
    2643.1182712345026,
    2718.4858022360586,
    2783.288738296483,
    2867.2160199254267,
    2923.537811920368,
    2986.5924904580784,
    3052.349094401312,
    3108.671941996185,
    3172.291184928373,
    3233.7788907011486,
    3289.792836733884,
    3358.1671892457216,
    3414.242435234499,
    3470.673051139085,
    3536.1868715951296,
    3591.061632880209,
    3641.7882299916,
    3705.370453570621,
    3755.835242960158,
    3795.542289126075,
    3829.8358237492766,
    3849.690628430029,
    3889.312236335454,
    3933.5766956048374,
    3972.1411104215217,
    4005.1000116230653,
    4061.0311394510754,
    4092.2561941096174,
    4112.308249849311,
    4148.984615124338
  ]
}